call_id,notes,direction,status,title,activity_at,assigned_to_user_id,duration_ms,outcome,source,from_number,to_number,recording_url,transcript_available,call_meeting_type,notes_embedding
1,"During the call, the customer expressed satisfaction with their recent purchase of a toaster. They had some routine questions about the product, such as how to properly clean and maintain it. However, they also mentioned a small issue with the instructions not being clear on how to adjust the settings. Despite this, the customer overall gave a positive review of the toaster and seemed happy with their purchase. They were appreciative of the customer service representative's help in answering their questions and resolving their issues.",Outbound,Missed,Article situation idea mind.,2024-09-03 21:50:04.980728+02:00,1,501037,Connected,Phone,(473)635-1190x5109,204.372.8409,,True,General,
2,"I recently had a call with a customer who purchased a toaster from our store. They had a few routine questions about the product, such as operating instructions and warranty information, which I was able to provide easily. However, they did mention a small issue with the instructions being a bit confusing, so I offered to walk them through the setup process step by step. Despite this minor hiccup, the customer expressed overall satisfaction with the toaster and mentioned that it worked great once they figured it out. Overall, the call was a mix of routine product inquiries and a positive review from a satisfied customer.",Inbound,Completed,Education bit.,2024-10-05 19:05:46.477495+02:00,2,133356,Left voicemail,Mobile,561-648-8713x728,+1-793-979-2428,https://davis.com/,True,General,
3,"I recently had a call with a customer who recently purchased a toaster. They had some routine questions about how to properly clean and maintain the toaster, which I was able to assist them with. However, they also mentioned a small issue with the instructions not being very clear, which caused some confusion during the initial set up. Despite this, the customer was overall satisfied with their purchase and mentioned that they were happy with the toaster's performance so far.",Outbound,Busy,Decade science cover call leader.,2024-11-07 15:02:34.938897+01:00,2,401914,Left voicemail,Phone,+1-967-664-2306x843,(515)577-7520x52332,http://www.elliott-reynolds.com/,False,Support Call,
4,"I spoke with a customer who recently purchased a toaster. They had some routine questions about the product, such as how to properly clean it and adjust the settings. However, they also mentioned a small issue with the instructions being a bit confusing. Despite this, they were overall satisfied with the toaster and mentioned that it toasted their bread perfectly. They appreciated the sleek design and compact size of the toaster. Overall, the call had a mixed tone with a combination of routine product inquiries and a positive review.",Outbound,Missed,Economic also score save unit.,2024-11-25 09:02:32.794999+01:00,1,473752,Left voicemail,Mobile,501-288-7902,001-698-260-4125,,False,Follow-up,
5,"Summary: 
I had a call with a customer who recently purchased a toaster. They had some routine product questions about the different settings and how to properly clean the toaster. I was able to provide them with the necessary information and they seemed satisfied with the answers. However, the customer also mentioned a small issue with understanding the instructions for a specific feature of the toaster. Overall, the call was a mix of routine product inquiries and addressing a minor issue with the instructions.",Outbound,Completed,Save let memory.,2024-12-30 22:38:27.679486+01:00,2,591263,No Answer,Mobile,001-852-554-2298,(485)299-5162x8764,http://www.sullivan-gilbert.info/,False,General,
6,"Summary: 

During the call with the customer who recently purchased a toaster, we addressed routine product questions regarding the toaster's features and usage. The customer expressed some small issues with understanding the instructions for setting the timer, which we were able to clarify and provide guidance on. Despite this minor setback, the customer was overall satisfied with the toaster's performance and efficiency, giving a positive review of its toasting capabilities. We ensured that the customer felt supported and confident in using their new appliance effectively.",Inbound,Missed,Common off until individual.,2024-12-23 00:20:44.919245+01:00,2,538705,Left voicemail,Mobile,690-912-1048x3486,9663585104,,False,Follow-up,
