contact_id,external_id,first_name,last_name,email,phone,name_embedding
1,528984,Patricia,Proctor,danny31@example.org,(930)970-4738x760,
2,519236,William,Johnson,ystanley@example.com,001-525-627-4816x49450,
3,446363,Courtney,Campbell,ibenson@example.net,902-483-6283x887,
4,400326,Katherine,Gallegos,jennygraham@example.com,(239)985-2185x191,
5,414624,Lori,Martinez,ravenwilliams@example.com,(556)937-0019x05162,
6,352246,Jennifer,Miller,lbaxter@example.org,839-207-3730x0648,
7,117597,Donna,Lopez,wendysmith@example.com,274.299.8574x73851,
8,267154,Lisa,Luna,lisarobinson@example.org,(760)812-9189x605,
9,954050,Kevin,Morrow,weberjoshua@example.net,8917312815,
10,908494,Victoria,Casey,jguzman@example.com,001-998-365-3857x9928,
11,613990,Kathryn,Mathews,popecrystal@example.com,4374367305,
12,283173,Jeffrey,Rogers,wsimmons@example.com,704.545.2354,
13,603583,Christopher,Dominguez,clarkdeborah@example.org,(524)627-2940,
14,979200,Gabrielle,Robinson,pattersonmichael@example.com,318-212-7815,
15,892682,Tracy,Hubbard,alison82@example.net,(711)844-0813,
16,944417,Toni,Aguirre,joseph39@example.org,+1-955-562-1550x68398,
17,544325,Debbie,Tanner,sabrinagarcia@example.com,(281)267-6610,
18,174209,Shelby,Williams,jennifercummings@example.net,001-722-390-2165x853,
19,783519,Michael,Erickson,spencer63@example.net,551.865.8063x33902,
20,216129,Edward,Martin,joseph09@example.com,6114053507,
21,464983,John,Leon,kimberlysimmons@example.com,741-952-2032,
22,166993,Heather,Williams,bennettjacqueline@example.com,830.468.9427,
23,511595,Lisa,Fox,melissa16@example.net,290-760-0310x69010,
24,745153,John,Martin,johnallen@example.net,(205)518-8133x21184,
25,379482,Megan,Bradley,donaldflores@example.org,7125423705,
26,309179,Amanda,Romero,tbarrera@example.com,495.903.4563x169,
27,133717,Charles,White,troy51@example.org,(550)261-0635,
28,894044,Erica,Richards,rmartinez@example.net,2589118737,
29,896041,Megan,Lynch,maryjohnson@example.com,(998)431-1392,
30,454323,Susan,Rose,hoganshane@example.net,8463924015,
31,757113,Jessica,Ramirez,arnoldchristopher@example.net,(522)339-9470x268,
32,476561,Stephanie,Brown,browndominique@example.org,337.290.7647x530,
33,320706,Tiffany,Hurley,qthompson@example.net,748.611.0540,
34,930385,Christopher,Gonzalez,sara33@example.com,752.296.3035x190,
35,888501,Elizabeth,Miller,robertquinn@example.org,(431)670-2021x62439,
36,857445,James,Torres,brittneyguerrero@example.net,(461)883-1098x990,
37,894832,Diana,Carey,angelamiller@example.org,(829)875-3787,
38,373211,Joseph,Velez,jstephens@example.com,(804)778-2368,
39,170992,Laura,Smith,gbrown@example.net,(283)528-8793x49060,
40,842347,Jessica,Henderson,ruizcarla@example.com,8072566787,
41,743851,Kara,Allen,ashley82@example.net,(271)474-6263x78772,
42,318076,Amy,Johnson,tammymarshall@example.com,9497264596,
43,543993,Nicholas,Davis,heather77@example.org,584-223-5509x855,
44,187842,David,Ward,murphykristie@example.com,(948)281-8223x43417,
45,846435,Gina,Walls,lindsaybush@example.com,(608)234-0767x137,
46,218789,Gerald,Short,khale@example.com,(573)884-8598x8185,
47,908146,Joseph,Moore,lopezlauren@example.net,709.267.3796,
48,756334,Jonathan,Howard,richardsonjanice@example.com,(400)234-3634,
49,695571,Christine,Mclaughlin,hartruth@example.org,559.523.8309x7479,
50,411997,Jacob,Griffith,bryantlauren@example.net,001-289-986-2727x95330,
51,375459,Amanda,Rivas,ugentry@example.com,+1-463-926-8521x9116,
52,358022,Hailey,Williams,charlesrobinson@example.org,972.320.6428x134,
53,807573,Donald,Stewart,danakent@example.net,480-653-6176x838,
54,321095,Melody,Perez,martin33@example.com,567-504-6823,
55,992303,Andrea,Bates,trujillodaniel@example.com,(601)754-9021,
56,456659,Brent,Mills,fzavala@example.net,(407)873-2958,
57,920877,Stacy,Mahoney,ricky13@example.net,001-858-473-6949x35588,
58,110597,Tommy,Brown,robertgreen@example.net,+1-931-439-5299x862,
59,772967,Micheal,Warren,shannonjohn@example.com,367.602.2130x619,
60,199810,Jennifer,Bass,lisajennings@example.org,(771)780-9149,
61,493795,Frank,Walker,vherrera@example.net,(651)326-9461,
62,610958,Joshua,Garcia,kelly35@example.com,(746)283-7715,
63,158879,Christian,Gibson,bakerrandy@example.org,271.238.0520x7060,
64,861968,Caitlin,Molina,michael69@example.org,6947493234,
65,451478,Jessica,Barnett,diazcaroline@example.org,466.791.7653,
66,229174,Kimberly,Goodman,laurawilson@example.org,317-288-6531,
67,886771,Michael,Hernandez,marcus08@example.com,+1-865-397-9662x48477,
68,393723,Desiree,Benson,samuel12@example.com,868-933-5468x3952,
69,246775,James,Howard,patellisa@example.net,3844999791,
70,916330,John,Harrison,robert85@example.com,4754417303,
71,139165,Julia,Martinez,crystal54@example.com,+1-861-818-3328,
72,450026,Linda,Mosley,christian65@example.net,(979)889-2058x8115,
73,763506,Mary,Larsen,jessica86@example.com,(304)539-4926,
74,782431,Cheryl,Martin,ayersmichael@example.net,(656)233-3548,
75,106698,Joann,Stephens,vbass@example.net,455.676.9095,
76,952160,Diane,Ramos,alyssa48@example.net,(471)519-3696x623,
77,989222,Ann,Benjamin,rpeterson@example.net,001-817-360-0441x699,
78,454134,Sandra,Smith,stephenhernandez@example.com,731-936-3928,
79,723165,Andrea,Harris,walkerrichard@example.net,390.994.4354,
80,242358,Justin,Sutton,rlopez@example.net,209-323-0159x30484,
81,594914,Kathryn,Anthony,sanchezkimberly@example.net,(221)710-7844,
82,599464,Amanda,Smith,millerclayton@example.org,(529)492-9883x372,
83,404971,Jessica,Wang,cpeterson@example.net,+1-430-210-1790x9999,
84,682518,Brenda,Miller,thoward@example.org,001-326-954-0889x141,
85,940714,Natalie,Chen,catherinewilliamson@example.org,267.412.7011,
86,951605,Douglas,Walls,jason19@example.org,+1-226-647-2310x582,
87,596806,Ashley,Hernandez,chelseamorgan@example.net,(824)207-0677,
88,278665,Kimberly,Russell,moorewillie@example.net,291-715-0181x692,
89,425272,Jennifer,Sanchez,cneal@example.net,700-569-7130x03280,
90,783352,Brittany,Kaiser,bmclaughlin@example.com,+1-330-382-6057x82816,
91,918319,Amanda,Leon,michaelmiller@example.com,724-363-9759x62651,
92,140945,Vanessa,Delgado,rwilliams@example.com,265-618-4728x14805,
93,164631,Nicole,Smith,jeffrey63@example.org,256-922-3773x36861,
94,622486,Crystal,Bartlett,evanobrien@example.org,(864)359-0794x2437,
95,688688,Shelby,Porter,alice78@example.net,601-332-1013,
96,390147,Sherri,Kline,sullivanmarissa@example.org,001-375-501-6889x41601,
97,542475,Brian,Dickerson,cassandra34@example.net,908.391.8475,
98,248277,Phillip,Smith,heather14@example.com,(539)982-6176x50008,
99,268639,Victor,Cabrera,williamskristen@example.com,(524)444-5156,
100,263801,Hunter,Jones,jamesthomas@example.com,767.590.5662x780,
