note_id,body,activity_date,activity_assigned_to_user_id,company_domain,ticket_id,deal_id,contact_email,body_embedding
1,"During a recent customer interaction, I had a positive discussion with Mr. Smith about our new product line and he seemed very interested in trying out a few items. However, there was a slight issue with the delivery of his last order, as it arrived a day later than expected. Despite this minor inconvenience, Mr. Smith was understanding and appreciative of our efforts to resolve the issue promptly. Overall, it was a good check-in and Mr. Smith remains a loyal and satisfied customer.",2024-01-21,3,strong.com,TICKET000005,DEAL000040,tgibson@example.org,
2,"Just a quick note about my recent interaction with a routine customer, Mr. Johnson. Our discussion about our new product line was engaging and he showed genuine interest in our offerings. However, there was a minor delivery issue with his last order that seemed to frustrate him slightly. I assured him that we would look into it and resolve the issue promptly. Overall, it was a good check-in with Mr. Johnson, and I believe we were able to address his concerns effectively.",2024-03-10,1,adams.com,TICKET000050,DEAL000048,thomasgonzales@example.org,
3,"Today, I had a routine customer interaction with Mr. Smith regarding his recent purchase of our new product. He seemed quite pleased with the features and benefits of the product we discussed and expressed interest in potentially purchasing additional items in the future. However, there was a minor delivery issue with his order, which caused some inconvenience for him. I assured him that we would look into the matter and ensure it is resolved promptly. Overall, the interaction was positive, but the delivery issue slightly dampened the experience for Mr. Smith. I will follow up with him to ensure his satisfaction with the resolution.",2024-04-03,2,nichols-rivera.com,TICKET000020,DEAL000002,williamoconnor@example.net,
4,"Subject: Follow-up on recent customer interaction

Hi Team,

I wanted to share some feedback from a recent customer interaction. During a routine check-in call with Mr. Smith, he expressed overall satisfaction with our products and services. He mentioned that he really enjoys using our latest software update and finds it to be very user-friendly.

However, Mr. Smith did bring up a minor delivery issue with his last order. He mentioned that the package arrived a day later than expected, which caused some inconvenience for him. He was understanding of the situation but wanted to bring it to our attention for future improvement.

Overall, the conversation with Mr. Smith was positive, and he remains a loyal customer. I believe addressing the delivery issue promptly will help maintain his satisfaction with",2024-04-28,3,oliver.com,TICKET000074,DEAL000025,zlarson@example.net,
5,"Had a routine customer interaction with Mr. Smith today regarding his recent purchase of our new product. He seemed quite pleased with the product and had some positive feedback to share. However, there was a slight issue with the delivery time, which left him feeling a bit frustrated. Overall, the conversation was cordial, and we were able to address his concerns effectively. Will follow up to ensure his next experience is smoother.",2024-05-25,2,oliver.com,TICKET000077,DEAL000032,barrettnichole@example.org,
6,"Note: 

During my recent interaction with Mr. Smith, we discussed the benefits of our new product line and he seemed quite interested in upgrading his current plan. However, there was a minor hiccup with his recent delivery, which caused some inconvenience. I assured him that we would investigate the issue and ensure smoother transactions in the future. Overall, the check-in was positive, but we need to address the delivery issue promptly to maintain customer satisfaction.",2024-07-07,3,sanchez.com,TICKET000041,DEAL000010,patrick21@example.net,
7,"During my recent check-in call with Mr. Johnson, we had a productive discussion about our latest product offerings. He seemed quite interested in our new line of eco-friendly cleaning products and expressed enthusiasm about trying them out. However, he did mention a minor delivery issue with his last order, which caused a slight inconvenience for him. I assured him that I would look into the matter and ensure that such issues are resolved promptly in the future. Overall, the interaction was positive, but it highlighted the importance of addressing customer concerns promptly to maintain their satisfaction.",2024-08-03,2,adams.com,TICKET000066,DEAL000055,torresmichelle@example.net,
8,"Subject: Follow-up on Recent Customer Interaction

Hi team,

I wanted to provide a brief update on my recent interaction with our customer, Mr. Johnson. During our phone call yesterday, Mr. Johnson expressed his satisfaction with our product quality and shared his positive feedback on the new features we introduced. However, he did mention a minor delivery issue with his recent order, which caused a slight delay in receiving his items. He was understanding of the issue and appreciated our quick response in resolving it.

Overall, the conversation was productive and Mr. Johnson seemed pleased with the outcome. I will continue to follow up with him to ensure his continued satisfaction with our products and services.

Best,
[Your Name]",2024-09-04,1,garcia.com,TICKET000026,DEAL000022,johnathanaguilar@example.net,
9,"During my recent interaction with Mrs. Smith, we had a productive discussion about our newest product offerings. She seemed interested in the features and benefits of several items and expressed excitement about making a purchase. However, there was a minor issue with the delivery of her last order, which caused a slight inconvenience for her. Despite this setback, Mrs. Smith was understanding and appreciative of our efforts to resolve the issue promptly. Overall, it was a positive interaction with a loyal customer who continues to value our products and services.",2024-09-28,2,nichols-rivera.com,TICKET000025,DEAL000045,morabreanna@example.org,
10,"During a recent customer interaction, I spoke with Mr. Smith about our latest product offerings. He seemed quite interested in our new line of outdoor furniture but expressed some concerns about the delivery process. While Mr. Smith was overall satisfied with our service, he did mention that he had experienced a minor delivery issue in the past. I assured him that we would do everything we could to ensure a smooth delivery this time around. Overall, the conversation was positive, and Mr. Smith seemed pleased with our product selection. I will follow up with him in a few weeks to make sure everything went smoothly with his purchase.",2024-11-13,3,oliver.com,TICKET000014,DEAL000054,robin38@example.org,
11,"I had a routine customer interaction with Mr. Smith today regarding his recent purchase of our new product. He seemed excited about the features and benefits, but mentioned a minor delivery issue he experienced with the packaging being slightly damaged upon arrival. I assured him that we would address the issue promptly and thanked him for bringing it to our attention. Overall, the conversation was positive and Mr. Smith appreciated the follow-up call to check in on his satisfaction with the product.",2024-11-08,1,garcia.com,TICKET000075,DEAL000049,thomasgonzales@example.org,
12,"Today I had a routine customer interaction with Mr. Smith regarding his recent purchase of our new line of kitchen appliances. He expressed his excitement about the products and how they have improved his cooking experience. However, he did mention a minor delivery issue where one of the items arrived with a small scratch on it. I assured him that we would immediately send a replacement and apologized for any inconvenience caused. Overall, it was a positive interaction with a slight hiccup that we were able to quickly resolve.",2024-12-14,1,oliver.com,TICKET000087,DEAL000040,lisa57@example.net,
13,"During my recent interaction with Mr. Smith, we discussed the benefits of our new product line and how it could potentially meet his needs. However, there was a slight hiccup with the delivery timeline which seemed to have caused some frustration on his end. Overall, it was a good check-in and I assured him that we would do our best to resolve the issue promptly.",2024-12-06,1,oliver.com,TICKET000002,DEAL000006,morabreanna@example.org,
14,"During today's customer interaction, I had the opportunity to discuss our newest product line with Mr. Smith. He seemed quite interested in the features and benefits, which was a positive sign. However, he did mention a minor delivery issue he experienced with his last order, which caused some frustration on his end. Overall, it was a good check-in and Mr. Smith expressed his continued loyalty to our brand despite the minor hiccup. We will work to ensure smoother deliveries in the future to maintain his satisfaction.",2024-12-19,3,strong.com,TICKET000042,DEAL000031,mark77@example.org,
15,"During my recent call with Mr. Smith, we discussed the benefits of our new product line and how it could potentially enhance his business operations. He seemed interested and asked several questions, showing genuine curiosity. However, towards the end of the conversation, he mentioned a minor delivery issue with his last order. I assured him that I would look into it and get back to him promptly. Overall, it was a positive interaction, but I will need to follow up to ensure his satisfaction.",2024-12-21,2,adams.com,TICKET000017,DEAL000025,kimortiz@example.org,
16,"During a recent customer interaction, I had a positive discussion with Mr. Smith about our new product line. He seemed interested in our latest offerings and asked some insightful questions about their features and benefits. However, there was a slight hiccup with his recent delivery, as he mentioned that his order arrived a day later than expected. I assured him that I would look into the issue and ensure that it doesn't happen again in the future. Overall, the check-in was productive, but the delivery delay left a slightly negative impression on Mr. Smith. I will follow up with him to ensure his concerns are addressed promptly.",2025-01-05,2,oliver.com,TICKET000083,DEAL000048,barrettnichole@example.org,
