ticket_id,ticket_name,pipeline,ticket_status,priority,source,ticket_owner,activity_date,contact_email,company_domain,issue_of_interest,issued_before,description,name_embedding,issue_embedding
TICKET000001,"During my recent interaction with Mr. Smith, we had a positive discussion about our newest product line and he expressed interest in potentially making a purchase in the near future. However, there was a slight hiccup with his recent delivery, which he mentioned in passing. I assured him that I would look into the issue and follow up with him to ensure it is resolved to his satisfaction. Overall, it was a good check-in and Mr. Smith seemed pleased with our conversation.",Support Pipeline,Waiting on Us,Medium,Web form,johnwallace@example.org,25/01/2024 00:00,raymonddavid@example.com,strong.com,Wi‑Fi setup,Yes,"The ticket issue involves customers experiencing difficulty in accessing their digital tickets on their mobile devices. Users are reporting errors when trying to download or view their tickets, leading to frustration and potentially missed events. The issue is affecting a significant number of customers and requires immediate attention to resolve and prevent future disruptions.",,
TICKET000002,"Had a routine check-in call with customer today to discuss their recent purchase of our new product line. Customer expressed initial excitement about the product and mentioned they were pleased with the quality and features. However, they also mentioned a minor issue with the delivery time, noting that it took longer than expected. Assured customer that we would look into the issue and provide a resolution promptly. Overall, customer seemed satisfied with their purchase and interaction.",Support Pipeline,New,Low,Email,uschaefer@example.org,07/02/2024 00:00,kelseypowers@example.org,oliver.com,Shipping delay,Yes,This ticket issue involves a customer who purchased a ticket for an event but is now unable to attend. The customer is seeking a refund or exchange for their ticket.,,
TICKET000003,"Today, I had a routine interaction with a customer who called in to inquire about our newest product offerings. They seemed very interested and engaged in the discussion, asking detailed questions and expressing enthusiasm for trying out some of the new items. However, towards the end of the call, they mentioned a minor delivery issue they had experienced with their last order, which left them slightly frustrated. I assured them that I would look into the issue and get back to them with a resolution as soon as possible. Despite this slight hiccup, the overall check-in was positive and the customer seemed satisfied with the information provided.",Support Pipeline,Closed,Low,Email,nicolemartinez@example.net,23/01/2024 00:00,ashley01@example.org,garcia.com,Shipping delay,Yes,"This ticket issue involves customers who have purchased tickets for an event but are unable to attend due to unforeseen circumstances. They are seeking a resolution from the event organizers, such as a refund or the ability to transfer their tickets to a future date. The customers are looking for a fair and efficient solution to their ticket issue.",,
TICKET000004,"I had a routine customer interaction today with Mr. Smith regarding his recent purchase of our new product line. He was very enthusiastic about the features and quality of the product, expressing how much he was looking forward to using it. However, there was a slight hiccup with the delivery as it arrived a day later than expected, causing some inconvenience for Mr. Smith. Despite this minor issue, he was understanding and appreciative of our efforts to resolve the situation promptly. Overall, it was a positive interaction with just a small bump in the road.",Support Pipeline,Closed,Low,Web form,gtaylor@example.net,15/02/2024 00:00,hkelly@example.net,nichols-rivera.com,Noise,No,Ticket Issue: This ticket was issued for parking in a designated handicap parking space without a valid handicap placard or license plate. The violation occurred on [date] at [location]. The fine for this violation is [$amount]. The ticket must be paid within [number of days] to avoid further penalties.,,
TICKET000005,"During my recent interaction with Mr. Smith, we discussed his satisfaction with our latest product offering. He expressed enthusiasm for the features and benefits it provides, but also mentioned a minor issue with the delivery time for his previous order. I assured him that we would look into the matter and ensure a smoother experience for future deliveries. Overall, the conversation was productive and Mr. Smith seemed pleased with our commitment to customer satisfaction.",Support Pipeline,Waiting on Us,High,Phone,devans@example.net,09/02/2024 00:00,gstewart@example.org,oliver.com,Thermostat,No,"This ticket issue appears to be a problem with the customer's ticket for an event. They are describing that they have purchased a ticket for a specific date and time, but the event is actually scheduled for a different date and time. This discrepancy is causing confusion and frustration for the customer as they are unable to attend the event on the incorrect date.",,
TICKET000006,"Customer interaction: 10/15/2021

Had a routine check-in call with Mr. Smith today regarding his recent purchase of our new product line. He expressed enthusiasm for the innovative features and benefits of the product, which was great to hear. However, he mentioned a minor delivery issue with his order, stating that one item was missing from the shipment. I assured him that we would investigate the issue and expedite the delivery of the missing item. Overall, the conversation was positive, but addressing the delivery issue will be a priority to ensure customer satisfaction.",Support Pipeline,Waiting on contact,High,Web form,jason26@example.org,26/02/2024 00:00,wagnerglenn@example.net,nichols-rivera.com,Thermostat,Yes,The ticket issue involves a customer who purchased a ticket for an event but is now requesting a refund due to a scheduling conflict or change of plans. The customer is seeking assistance from the ticketing company in resolving the issue and obtaining a refund for their ticket purchase.,,
TICKET000007,"During my recent interaction with Mr. Smith, he expressed his satisfaction with our product quality and mentioned that he is considering purchasing additional items for his home office. However, he also voiced a minor concern about a delayed delivery of his previous order. I assured him that I would look into the issue and get back to him with an update. Overall, Mr. Smith seemed pleased with our products and services, but it is important to address any delivery issues promptly to maintain customer satisfaction.",Support Pipeline,New,Medium,Email,corey56@example.net,10/03/2024 00:00,michelle50@example.net,adams.com,Thermostat,Yes,This ticket issue involves a customer who purchased a ticket for a concert but is now unable to attend due to a scheduling conflict. The customer is looking to either exchange the ticket for a different date or receive a refund for their purchase. They have reached out to the ticketing company to see what options are available to them.,,
TICKET000039,"During a recent check-in call with the customer, they expressed their satisfaction with the product they purchased last month. They mentioned that they were impressed with the quality and functionality of the product. However, they did bring up a minor delivery issue they experienced, noting that the package arrived a day later than expected. Overall, the customer seemed pleased with their purchase and expressed interest in future products.",Support Pipeline,Waiting on contact,High,Email,charles41@example.net,24/08/2024 00:00,hkennedy@example.org,oliver.com,Noise,Yes,The ticket issue involves customers purchasing tickets for a concert that has been cancelled without prior notice. Customers are now seeking refunds or assistance in rescheduling their tickets for a future date.,,
TICKET000008,"During our recent call with Mr. Smith, we had a productive discussion about our new product line and he expressed interest in trying out a few samples. However, there was a slight hiccup with the delivery of his previous order, which caused him some inconvenience. We assured him that we would look into the issue and make sure it doesn't happen again in the future. Overall, Mr. Smith seemed satisfied with our conversation and we will continue to monitor his feedback closely.",Support Pipeline,Closed,High,Phone,ryoder@example.net,17/03/2024 00:00,hkelly@example.net,garcia.com,Wi‑Fi setup,Yes,The ticket issue involves a passenger who purchased a ticket for a flight but is now unable to travel due to unforeseen circumstances. They are seeking assistance in either getting a refund or changing the date of their flight.,,
TICKET000009,"Had a routine customer interaction today with Mr. Smith regarding his recent purchase of a new laptop. We had a productive discussion about the features of the laptop and how it will meet his needs. However, there was a minor delivery issue with his order, which caused some frustration on his end. I assured him that we would resolve the issue promptly and he seemed satisfied with that response. Overall, the check-in was positive, but the delivery issue did cause a slight hiccup in the interaction.",Support Pipeline,Closed,High,Web form,masonsamuel@example.com,09/03/2024 00:00,megan03@example.org,sanchez.com,Thermostat,No,"The ticket issue revolves around a problem with a purchased ticket, such as being unable to access a certain event or experiencing technical difficulties with a digital ticket. It may require troubleshooting, refunds, or assistance from customer service to resolve the issue and ensure the ticket holder can attend the event.",,
TICKET000010,"Just had a routine check-in with a customer about their recent purchase of our new product. The conversation started off positively as they expressed their satisfaction with the quality and functionality of the item. However, things took a slightly negative turn when they mentioned a minor delivery issue they experienced. They mentioned that the package arrived a day later than expected, causing some inconvenience. Overall, the customer seemed understanding but slightly disappointed. Will follow up to ensure they are satisfied with the resolution.",Support Pipeline,Waiting on contact,High,Web form,kathywilson@example.net,29/03/2024 00:00,andreasanchez@example.net,strong.com,Overheating,No,"The ticket issue involves a customer who purchased a ticket for an event, but has realized they are unable to attend due to unforeseen circumstances. The customer is looking to either receive a refund for the ticket or transfer it to someone else who can attend in their place.",,
TICKET000011,"During a recent customer interaction, we discussed the benefits of our new product line and how it could meet their specific needs. The customer seemed interested and asked several thoughtful questions, showing their engagement with the conversation. However, there was a minor delivery issue with their last order, which caused some frustration on their end. Despite this hiccup, the customer remained polite and understanding, expressing their desire to continue doing business with us in the future. Overall, the interaction was positive, but the delivery issue highlighted an area for improvement in our service.",Support Pipeline,Waiting on Us,Low,Phone,casey43@example.net,14/04/2024 00:00,melissapowell@example.com,garcia.com,Wi‑Fi setup,No,This ticket issue involves a customer who purchased a ticket for an event but is now unable to attend. They are seeking assistance in either getting a refund or transferring the ticket to someone else.,,
TICKET000012,"Had a routine check-in with Mr. Smith today. He seemed pleased with our new product line and expressed interest in making a purchase soon. However, he did mention a minor delivery issue from his last order. Will follow up to ensure it's resolved promptly. Overall, positive interaction but need to address delivery concerns.",Support Pipeline,Open,High,Phone,wmartin@example.com,11/04/2024 00:00,xkramer@example.net,adams.com,Wi‑Fi setup,Yes,"The ticket issue involves customers experiencing difficulty accessing their digital tickets on the event website. This has led to frustration and confusion among ticket holders who are unable to retrieve their tickets in order to attend the event. The issue may be related to technical glitches or website errors, causing inconvenience for customers and impacting their overall event experience.",,
TICKET000013,"During my recent check-in call with Mr. Smith, he expressed his satisfaction with the new features of our software and how it has helped streamline his business processes. However, he did bring up a minor delivery issue with a recent order, noting that it arrived a day later than expected. I assured him that I would investigate the issue and get back to him with a resolution. Overall, the conversation was productive and Mr. Smith seemed pleased with our service despite the minor hiccup.",Support Pipeline,Open,Medium,Phone,ryan22@example.net,13/04/2024 00:00,melissapowell@example.com,oliver.com,Thermostat,No,This ticket issue involves a customer who purchased a ticket for a concert but realized they can no longer attend and are seeking a refund or exchange for the ticket.,,
TICKET000014,"Had a routine check-in call with Mr. Smith today. He seemed satisfied with our product performance but mentioned a minor issue with the delivery time for his last order. Promised to investigate further and ensure smoother process in the future. Overall, the conversation went well and Mr. Smith remains a loyal customer.",Support Pipeline,Open,Medium,Web form,qdavis@example.org,11/04/2024 00:00,garymendoza@example.org,strong.com,Packaging,Yes,"The ticket issue is related to a problem with the electronic scanning system at the entrance of an event venue. Attendees are experiencing delays and difficulties entering the venue as their tickets are not being scanned properly. This is causing frustration and long lines at the entrance, impacting the overall experience for attendees. The event organizers are working to resolve the issue and expedite the entry process for all guests.",,
TICKET000015,"Today, I had a routine customer interaction with Mr. Smith regarding his recent purchase of a new laptop. Our discussion about the product went smoothly as he expressed his satisfaction with its features and performance. However, Mr. Smith did mention a minor delivery issue he encountered, noting that the package arrived a day later than expected. Despite this small setback, he seemed understanding and appreciative of our efforts to rectify the situation promptly. Overall, it was a positive interaction with a slight hiccup that we were able to address to his satisfaction.",Support Pipeline,Closed,Medium,Web form,deborahedwards@example.org,19/04/2024 00:00,jordanpatrick@example.com,garcia.com,Shipping delay,Yes,This ticket issue involves a customer who purchased a ticket for a concert but is now unable to attend due to unexpected circumstances. They are seeking a refund or exchange for their ticket.,,
TICKET000016,"I had a routine interaction with a customer today regarding their recent purchase of our newest product. The customer seemed excited about the features and benefits of the product, but raised a minor concern about the delivery time. I assured them that I would look into the issue and get back to them with a solution. Overall, the interaction was positive, but there was a slight hiccup with the delivery process that needed to be addressed. I will follow up with the customer to ensure their satisfaction.",Support Pipeline,Waiting on contact,High,Email,vanessawilliams@example.org,30/04/2024 00:00,smithjames@example.org,garcia.com,Packaging,No,The ticket issue involves customers experiencing difficulty accessing their purchased tickets for an event due to technical issues with the ticketing platform. This has led to frustration and confusion among customers who are unable to retrieve their tickets in a timely manner. The event organizers are working to resolve the issue and ensure all customers have access to their tickets before the event.,,
TICKET000017,"I had a routine customer interaction with Mr. Smith today regarding the new product launch. He seemed excited about the features and benefits of the product, and we had a great discussion about how it could benefit his business. However, there was a minor delivery issue with his recent order, which caused some frustration on his end. I assured him that we would investigate and resolve the issue promptly. Overall, it was a productive check-in, with a slight hiccup that we are working to address.",Support Pipeline,Waiting on Us,High,Web form,glenn74@example.net,25/04/2024 00:00,patrick21@example.net,nichols-rivera.com,Noise,Yes,This ticket issue involves a customer who purchased a ticket for a concert but was unable to attend due to unforeseen circumstances. The customer is seeking a refund or exchange for their ticket to another event.,,
TICKET000018,"I had a routine customer interaction today with Mr. Smith, who called in to inquire about our new product line. He seemed very interested in the features and benefits of the products and asked several insightful questions, showing a genuine interest in making a purchase.

However, towards the end of the call, Mr. Smith mentioned that he had experienced a minor delivery issue with his last order. He was understanding about the situation but did express some frustration with the delay in receiving his items. I assured him that I would look into the issue and follow up with our shipping department to ensure it doesn't happen again in the future.

Overall, the interaction with Mr. Smith was positive, with the exception of the delivery issue. I will be sure to keep an eye",Support Pipeline,Waiting on contact,Low,Email,emiranda@example.org,06/05/2024 00:00,andrewvelazquez@example.org,sanchez.com,Packaging,Yes,This ticket issue involves a customer who purchased a ticket for a concert but is now unable to attend due to unforeseen circumstances. They are seeking a refund or a way to transfer the ticket to someone else.,,
TICKET000019,"I had a routine customer interaction today with Mr. Smith regarding his recent purchase of a laptop. He seemed very pleased with the product and mentioned that it was working well for his needs. However, he did express some frustration with a minor delivery issue where the package arrived a day later than expected. I assured him that I would look into the matter and follow up with our shipping department to prevent similar delays in the future. Overall, it was a positive interaction, but it highlighted the importance of timely and accurate deliveries for customer satisfaction.",Support Pipeline,Waiting on Us,Medium,Email,amydyer@example.com,01/05/2024 00:00,steven18@example.net,oliver.com,Wi‑Fi setup,No,"This ticket issue involves a customer who purchased a ticket for an event, but has not received their ticket confirmation or e-ticket via email. The customer is seeking assistance in resolving this issue and obtaining their ticket in time for the event.",,
TICKET000020,"Had a routine customer interaction today with Mr. Johnson regarding his recent purchase of a new laptop. He seemed pleased with the product and we had a good discussion about its features and benefits. However, there was a slight issue with the delivery time, which left him feeling slightly frustrated. Overall, it was a positive interaction, but we will need to follow up with him to ensure his satisfaction with the resolution of the delivery issue.",Support Pipeline,Open,Medium,Email,smithfrank@example.com,27/04/2024 00:00,veronica83@example.org,nichols-rivera.com,Noise,Yes,"This ticket issue involves a problem with a concert ticket, such as being unable to access the ticket online or receiving an error message when trying to scan the ticket at the venue. It may require troubleshooting with the ticketing company or venue to resolve the issue and gain entry to the event.",,
TICKET000021,"Had a routine check-in with Mr. Smith today regarding his recent purchase of our new product. He seemed pleased with the quality and functionality of the product, mentioning that it has exceeded his expectations. However, he did express some frustration with a minor delivery issue that caused a delay in receiving the product. I assured him that we would look into the matter and ensure that it doesn't happen again in the future. Overall, the interaction was positive, but we need to address the delivery issue to improve customer satisfaction.",Support Pipeline,New,Medium,Phone,schmidtlisa@example.net,11/06/2024 00:00,andrewvelazquez@example.org,adams.com,Overheating,No,Ticket Issue: Customer purchased a ticket for a concert but is unable to attend due to a last-minute emergency. The customer is seeking a refund or exchange for a future date.,,
TICKET000022,"During today's call with Mr. Smith, we discussed the latest features of our software product and how it can benefit his team's workflow. He seemed receptive to the updates and expressed interest in scheduling a demo for further exploration. However, there was a minor hiccup with the delivery of his previous order, which he mentioned in passing. I assured him that I would look into the issue and get back to him promptly. Overall, the conversation was productive, but the delivery issue left a slightly negative impression on his end. I will continue to follow up with Mr. Smith to ensure his satisfaction with our service.",Support Pipeline,Waiting on Us,Medium,Phone,robert24@example.net,25/05/2024 00:00,whughes@example.com,sanchez.com,Packaging,Yes,"The ticket issue involves a passenger who is reporting that their ticket was accidentally deleted or lost, and they are requesting assistance in retrieving or replacing it in order to board their scheduled flight or event.",,
TICKET000038,"During our recent phone call with Mr. Smith, he expressed his satisfaction with the new features of our latest product release. However, he did mention a minor delivery issue with his last order, which was promptly resolved by our customer service team. Overall, Mr. Smith remains a loyal and valued customer, and we look forward to continuing to meet his needs in the future.",Support Pipeline,Waiting on Us,High,Web form,gonzalezmatthew@example.net,13/09/2024 00:00,wagnerglenn@example.net,nichols-rivera.com,Invoice,No,"This ticket issue is regarding a problem with a customer's ticket booking for an upcoming event. The customer may be experiencing difficulties with purchasing the ticket online, receiving the ticket confirmation, or any other issues related to their ticket. The issue needs to be resolved promptly to ensure the customer can attend the event as planned.",,
TICKET000023,"During a recent customer interaction, we discussed the benefits of our new product line and how it could potentially meet their needs. The customer seemed interested and asked several questions, showing genuine curiosity. However, there was a minor issue with the delivery timeline, causing some frustration on their end. Despite this setback, the overall check-in was productive and the customer expressed satisfaction with our service. We will continue to monitor their feedback and provide updates as needed.",Support Pipeline,Waiting on contact,Medium,Web form,rwheeler@example.com,23/05/2024 00:00,eric15@example.com,adams.com,Invoice,Yes,This ticket issue involves a customer experiencing difficulty accessing their digital ticket for an event. The customer may be encountering errors when trying to open the ticket or may not be receiving the ticket via email as expected. This issue requires troubleshooting to determine the cause of the problem and provide a resolution for the customer to successfully access their ticket.,,
TICKET000024,"Today I had a routine customer interaction with Mr. Smith. We discussed the benefits of our new product line and he seemed interested in making a purchase. However, there was a minor delivery issue with his last order that caused some frustration on his end. Despite this, Mr. Smith was still overall satisfied with our service and mentioned that he would continue to be a loyal customer. I will make sure to follow up with him to ensure that his next order is delivered without any issues.",Support Pipeline,Open,Medium,Web form,rivasjames@example.net,21/05/2024 00:00,allison61@example.com,sanchez.com,Invoice,Yes,This ticket issue involves a customer who purchased a ticket for an event but is now unable to attend. They are seeking a refund or some form of resolution for their unused ticket.,,
TICKET000025,"Customer Interaction Note:

During my recent interaction with Mr. Smith, we had a productive discussion about our latest product offerings. He seemed intrigued by the new features and benefits, expressing interest in potentially upgrading his current plan.

However, there was a slight hiccup regarding the delivery of his previous order. Mr. Smith mentioned that he had not yet received the package, which caused some frustration on his end. I assured him that I would look into the matter and follow up with our shipping department to ensure a prompt resolution.

Overall, the check-in with Mr. Smith was positive, with the exception of the minor delivery issue. I will continue to monitor the situation and provide updates to ensure his satisfaction with our service.",Support Pipeline,Open,High,Email,randyellis@example.org,04/06/2024 00:00,torresmichelle@example.net,sanchez.com,Invoice,Yes,The ticket issue involves a customer who purchased tickets for an event but is now unable to attend. The customer is seeking a refund or exchange for their tickets due to unforeseen circumstances preventing them from attending the event. The customer is looking to resolve the issue in a timely manner to minimize any financial loss.,,
TICKET000026,"During a recent customer interaction, I had the opportunity to discuss our newest product offerings with Mr. Smith. He seemed quite interested in the features and benefits of the products and asked several insightful questions. However, there was a minor issue with the delivery of his previous order, which caused some frustration on his end. Despite this, Mr. Smith expressed his overall satisfaction with our customer service and products. It's important to ensure that all delivery issues are addressed promptly to maintain a positive relationship with our valued customers.",Support Pipeline,Waiting on Us,Low,Phone,robertjackson@example.org,14/06/2024 00:00,andreasanchez@example.net,oliver.com,Thermostat,Yes,This ticket issue involves a customer who purchased a ticket for a concert but is now unable to attend due to a scheduling conflict. The customer is requesting a refund or exchange for the ticket.,,
TICKET000027,"During my recent interaction with Mr. Smith, we discussed the benefits of our new product line and how it could potentially address his specific needs. Overall, Mr. Smith seemed interested in learning more and exploring the options available.

However, there was a slight hiccup during the delivery process, as Mr. Smith mentioned that his order arrived a day later than expected. Although he was understanding of the situation, I made a note to follow up with our logistics team to ensure smoother deliveries in the future.

Despite the minor delivery issue, Mr. Smith expressed his satisfaction with our customer service and mentioned that he would continue to do business with us. I look forward to our next interaction and providing him with exceptional service.",Support Pipeline,Waiting on contact,High,Email,michelleroman@example.net,22/06/2024 00:00,taylorjulia@example.org,nichols-rivera.com,Shipping delay,No,Ticket Issue: Customer is reporting that their concert ticket is missing the barcode necessary for entry. They have checked all email confirmations and physical copies of the ticket but cannot find the barcode anywhere. Customer is requesting a replacement ticket with a valid barcode in order to attend the event.,,
TICKET000028,"During a recent check-in call with Mr. Smith, he expressed his satisfaction with our latest product release and mentioned that it was exactly what he needed for his business. However, he did bring up a minor delivery issue he experienced with his last order, stating that the package arrived a day later than expected. I assured him that I would look into the matter and make sure it doesn't happen again in the future. Overall, Mr. Smith seemed pleased with our service and appreciative of the follow-up on his feedback.",Support Pipeline,Closed,High,Web form,xlee@example.net,29/06/2024 00:00,robertbrown@example.org,strong.com,Noise,Yes,This ticket issue is related to a problem with accessing a concert ticket. The customer purchased a ticket for a specific event but is unable to retrieve or view the ticket through the designated platform or website. The customer is seeking assistance in resolving this issue in order to attend the concert as planned.,,
TICKET000029,"Interacted with customer regarding their recent purchase of a laptop. Discussed the features and benefits of the product, and customer expressed satisfaction with their choice. However, there was a minor delivery issue with the order arriving a day later than expected. Customer was understanding but slightly disappointed. Checked in on their overall experience and assured them that we are working to improve our delivery process. Encouraged customer to reach out with any further concerns.",Support Pipeline,Open,Low,Phone,ddean@example.com,08/07/2024 00:00,maryruiz@example.com,nichols-rivera.com,Noise,No,"The ticket issue is a problem or concern that has arisen in relation to a ticket for an event, transportation, or service. This could include issues such as a ticket not being received, being lost or stolen, not working properly, or being charged incorrectly. It may require resolution through communication with customer service, a ticket reseller, or the organization responsible for the ticket.",,
TICKET000030,"During my recent interaction with Mr. Smith, we discussed the new features of our latest product release. He seemed intrigued by the improvements but expressed some concerns about the delivery timeline. Mr. Smith mentioned a minor issue with the delivery of his previous order, which caused a delay in his project timeline. Despite this setback, he remains a loyal customer and appreciates our continued communication and support. I assured him that we will address his concerns and strive to provide a smoother delivery process in the future.",Support Pipeline,New,Low,Phone,lanebrenda@example.org,02/07/2024 00:00,xkramer@example.net,adams.com,Shipping delay,Yes,"This ticket issue involves a customer who purchased a ticket for an event but has encountered a problem with accessing or using the ticket. The customer may be experiencing difficulty with entering the event, receiving an error message when trying to use the ticket, or facing other technical issues preventing them from using the ticket as intended. The customer is seeking assistance in resolving the issue in order to attend the event successfully.",,
TICKET000031,"Had a routine check-in with Mr. Smith today regarding his recent purchase of a new laptop. He seemed pleased with the performance so far, but expressed some frustration with the delivery timeline. Explained the situation and offered a small discount on his next purchase to make up for the inconvenience. Overall, he appreciated the gesture and said he would continue to shop with us in the future.",Support Pipeline,Closed,High,Phone,donnashields@example.net,01/07/2024 00:00,allenbryan@example.org,garcia.com,Thermostat,No,This ticket issue involves a customer who purchased a ticket for a concert but was denied entry at the venue due to an error with their ticket. The customer is seeking a resolution or refund for the inconvenience caused.,,
TICKET000032,"Had a routine check-in call with Mr. Johnson today regarding his recent purchase of our new product line. He expressed his satisfaction with the quality and performance of the product, mentioning that it exceeded his expectations. However, he did bring up a minor delivery issue where the package arrived a day later than expected. Assured him that we would look into the matter and ensure timely deliveries in the future. Overall, the conversation was positive, and Mr. Johnson remains a loyal customer.",Support Pipeline,Closed,Low,Email,russelllisa@example.net,16/07/2024 00:00,julie38@example.com,nichols-rivera.com,Packaging,Yes,This ticket issue involves a customer who purchased a ticket for a concert but did not receive the ticket in time for the event. The customer is seeking assistance in resolving the issue and obtaining a replacement ticket or a refund.,,
TICKET000033,"During our recent phone call with Mr. Smith, he expressed his enthusiasm for our new product line and shared his positive experience using our services. However, he did mention a minor delivery issue with his last order, which we promptly addressed and resolved to his satisfaction. Overall, it was a productive check-in and we look forward to continuing to meet Mr. Smith's needs in the future.",Support Pipeline,Waiting on Us,Medium,Phone,murphyalison@example.org,01/08/2024 00:00,dcox@example.com,adams.com,Thermostat,Yes,"Ticket Issue: The customer purchased a ticket for a concert, but the event was cancelled by the organizer. The customer is seeking a refund or exchange for another event.",,
TICKET000034,"During a recent customer interaction, the customer seemed excited about our new product offerings and expressed interest in learning more about them. However, they also mentioned a minor delivery issue they had experienced with their last order. We assured them that we would look into the issue and make sure it was resolved promptly. Overall, the check-in was positive, but we will need to follow up with the customer to ensure their satisfaction with our products and services.",Support Pipeline,Open,Medium,Phone,wongrichard@example.com,11/08/2024 00:00,murphykelly@example.net,adams.com,Overheating,Yes,This ticket issue involves a customer who purchased a ticket for an event but is now unable to attend. The customer is looking to either resell the ticket or request a refund from the event organizer.,,
TICKET000035,"I spoke with Mr. Smith today regarding his recent purchase of our premium subscription service. He expressed his excitement about the new features and benefits, but also mentioned a minor issue with the delivery time of his welcome package. I reassured him that I would look into the matter and ensure it is resolved promptly. Overall, Mr. Smith seemed satisfied with our conversation and appreciated the follow-up on his concerns.",Support Pipeline,Open,Medium,Email,tstrickland@example.com,17/08/2024 00:00,rhonda84@example.net,adams.com,Shipping delay,Yes,This ticket issue involves a customer experiencing difficulty accessing their digital event ticket. The customer purchased the ticket online but is unable to find the confirmation email or the ticket in their account. They are seeking assistance in resolving the issue and accessing their ticket in time for the event.,,
TICKET000036,"Subject: Routine Customer Interaction Follow-Up

Hi Team,

I wanted to provide a quick update on a recent customer interaction I had with Mr. Smith. During our discussion about our new product line, he seemed quite enthusiastic and interested in the features and benefits. However, there was a minor hiccup with his delivery, as he mentioned receiving his order a day later than expected.

Overall, Mr. Smith was still satisfied with his purchase and expressed his appreciation for our service. I made sure to address his delivery concern promptly and assure him that we are working on improving our shipping processes.

I will continue to monitor Mr. Smith's feedback and ensure that he remains a happy customer. Let me know if you need any further details on this interaction.

Best,",Support Pipeline,New,Medium,Web form,murraystephanie@example.com,27/07/2024 00:00,mariaweiss@example.net,adams.com,Noise,Yes,"This ticket issue involves a customer who purchased a ticket for an event, but is now unable to attend and is seeking a refund or exchange. The customer may have encountered unexpected circumstances preventing them from attending the event and is looking to resolve the issue with the ticket seller.",,
TICKET000037,"During my recent interaction with Mr. Johnson, he expressed his satisfaction with the quality of our products and mentioned that he was interested in exploring new options for his upcoming project. However, he also mentioned a minor delivery issue where one of his packages arrived a day later than expected. I assured him that I would look into the matter and ensure that it doesn't happen again in the future. Overall, the conversation was positive, but I will need to follow up to ensure his concerns are addressed.",Support Pipeline,New,Medium,Email,josephpierce@example.org,14/08/2024 00:00,veronica83@example.org,strong.com,Thermostat,Yes,"The ticket issue is a problem with accessing and printing tickets for an event. Customers are experiencing difficulties with logging into their accounts, selecting tickets, and successfully printing them. This issue is causing frustration and delays for those trying to attend the event.",,
TICKET000040,"I spoke with the customer today regarding their recent purchase of our premium subscription service. They expressed their satisfaction with the features and benefits included in the package, highlighting the ease of use and added value it brings to their daily operations. However, they did mention a minor delivery issue with the accompanying welcome kit, which they found slightly disappointing. I assured them that I would look into the matter and ensure that it is resolved promptly. Overall, the customer seemed pleased with their experience and expressed interest in potentially upgrading to a higher tier in the future.",Support Pipeline,Waiting on Us,Low,Phone,anthony74@example.org,24/08/2024 00:00,raymonddavid@example.com,garcia.com,Noise,Yes,This ticket issue involves a customer who purchased a ticket for a concert but is now unable to attend due to unforeseen circumstances. The customer is seeking a refund or an exchange for a different date or event.,,
TICKET000041,"Had a routine check-in call with Mr. Smith today. He expressed his satisfaction with the recent purchase of our new product line, mentioning how much he enjoys the quality and features. However, he did bring up a minor issue with the delivery time, mentioning that it took longer than expected. Assured him that I would look into the matter and ensure smoother delivery in the future. Overall, the conversation was positive, and Mr. Smith remains a loyal customer.",Support Pipeline,Open,High,Phone,gavinburton@example.com,30/08/2024 00:00,morabreanna@example.org,oliver.com,Packaging,No,"This ticket issue involves a customer who purchased a ticket for a concert, but is now unable to attend due to a scheduling conflict. The customer is looking to either resell the ticket or find someone to give it to in order to recoup their expenses.",,
TICKET000042,"Today I had a routine customer interaction with Mr. Smith regarding his recent purchase of our new product. He expressed enthusiasm for the features and quality of the product during our discussion. However, he also mentioned a minor delivery issue that he encountered, which caused a slight delay in receiving the item. Overall, Mr. Smith seemed satisfied with his purchase and appreciated our check-in to ensure everything was resolved. I will continue to monitor his feedback and address any concerns promptly.",Support Pipeline,Closed,High,Phone,torressarah@example.com,03/09/2024 00:00,parkerchapman@example.org,nichols-rivera.com,Packaging,No,"The ticket issue is related to a problem with the ticket holder's access to a live event or transportation service. It could be due to the ticket being lost or stolen, a technical issue with the ticketing system, or an error in the ticket information. The ticket holder is seeking assistance in resolving the issue in order to gain entry to the event or service they have purchased a ticket for.",,
TICKET000043,"I had a routine customer interaction with Mr. Smith today regarding his recent purchase of our new product line. He seemed quite pleased with the quality and pricing of the items, and we had a positive discussion about potential future purchases. However, there was a slight issue with his delivery being delayed by a day, which seemed to have left him slightly frustrated. Overall, it was a good check-in and I assured him that we would address the delivery issue promptly.",Support Pipeline,Waiting on Us,Low,Phone,georgenguyen@example.org,28/08/2024 00:00,larryholt@example.net,sanchez.com,Noise,No,"This ticket issue involves a customer who purchased a ticket for an event but is experiencing difficulties with accessing or using the ticket. The customer may be encountering technical issues with the ticketing platform, have not received the ticket via email or mail, or is unsure how to redeem the ticket for entry into the event. The customer is seeking assistance in resolving the issue in order to successfully attend the event.",,
TICKET000044,"Subject: Customer Interaction Follow-Up

Hi Team,

I wanted to share a quick update on my recent interaction with our customer, Mr. Johnson. Overall, our conversation was positive and engaging. Mr. Johnson had some great feedback on our new product line and seemed excited about the features and benefits it offers.

However, there was a slight hiccup with the delivery of his recent order. He mentioned that it arrived a day later than expected, which caused some inconvenience for him. I reassured him that we would look into the issue and ensure that future deliveries are on time.

In general, Mr. Johnson expressed his satisfaction with our customer service and products. We will continue to monitor his account closely to ensure that we address any concerns promptly and maintain a",Support Pipeline,New,Medium,Email,marc22@example.net,21/08/2024 00:00,amandakent@example.com,garcia.com,Thermostat,Yes,"This ticket issue involves a customer who purchased a ticket for a concert, but realized they are unable to attend the event. They are looking to either transfer the ticket to someone else or request a refund for their purchase.",,
TICKET000045,"During today's customer interaction, I had a pleasant discussion with Mr. Smith about our newest product line. He seemed interested and asked thoughtful questions about the features and benefits. However, towards the end of the call, he mentioned a minor delivery issue with his last order. I assured him that I would look into it and get back to him promptly. Overall, it was a productive check-in, but I will need to follow up on the delivery issue to ensure customer satisfaction.",Support Pipeline,New,Medium,Email,aaronlewis@example.net,19/09/2024 00:00,torresmichelle@example.net,sanchez.com,Packaging,No,This ticket issue involves a customer who purchased a ticket for a concert but is unable to attend due to a scheduling conflict. The customer is seeking a refund or exchange for their ticket.,,
TICKET000046,"Today, I had a routine customer interaction with Mrs. Smith regarding her recent purchase of our new line of skincare products. She was delighted with the results she has been seeing after using the products for a few weeks. However, she did express some frustration with a minor delivery issue she experienced where her order arrived a day later than expected. Despite this hiccup, Mrs. Smith remains a loyal customer and appreciated the check-in to ensure her satisfaction with our products. I assured her that we are actively working to improve our delivery process to prevent any future delays.",Support Pipeline,New,Low,Web form,samuelmassey@example.org,06/10/2024 00:00,kimortiz@example.org,oliver.com,Shipping delay,Yes,This ticket issue involves a customer who purchased a ticket for a concert but was unable to attend due to unforeseen circumstances. The customer is seeking a refund or an exchange for a future event.,,
TICKET000062,"During today's call with Mr. Smith, we discussed the benefits of our new software upgrade for his business. He seemed pleased with the features and pricing options we presented. However, he did mention a minor delivery issue with his last order, which we will follow up on to ensure it doesn't happen again. Overall, it was a productive conversation and Mr. Smith remains a satisfied customer.",Support Pipeline,Closed,High,Web form,tgross@example.net,02/12/2024 00:00,steven18@example.net,adams.com,Overheating,Yes,"The ticket issue is a problem with a ticket or pass for an event, transportation, or access to a venue. This could include issues such as lost or stolen tickets, incorrect information on the ticket, difficulty accessing the ticket online, or problems redeeming the ticket at the event or venue.",,
TICKET000047,"During my recent check-in call with Mr. Smith, he seemed pleased with the performance of the new software we implemented for his business. He mentioned that his team has been able to streamline their processes and save time using the tool. However, he did express some frustration with a minor delivery issue that occurred last week. We discussed ways to prevent similar issues in the future and he appreciated the proactive approach. Overall, the conversation was productive and ended on a positive note. I look forward to our next interaction.",Support Pipeline,New,Medium,Web form,yolandaedwards@example.com,11/10/2024 00:00,martinlindsey@example.org,strong.com,Crumb tray,No,This ticket issue involves a customer who purchased a ticket for a concert but is unable to attend due to a scheduling conflict. The customer is looking to either exchange the ticket for a different date or receive a refund for their purchase.,,
TICKET000048,"I had a routine customer interaction with Mr. Smith today regarding his recent purchase of our new product. He seemed excited about the features and benefits it offers, which was great to hear. However, he did mention a minor delivery issue where the package arrived a day later than expected. I assured him that I would look into the matter and follow up with our shipping department to prevent such delays in the future. Overall, it was a positive interaction, but the delivery issue did put a slight damper on his experience. I will make sure to keep an eye on his account and address any concerns promptly.",Support Pipeline,Open,Low,Web form,hmoore@example.org,16/10/2024 00:00,ashley01@example.org,sanchez.com,Wi‑Fi setup,No,"This ticket issue involves a customer who purchased a ticket for a concert but is now unable to attend due to unforeseen circumstances. The customer is seeking a resolution, such as a refund or exchange, for their unused ticket.",,
TICKET000049,"Had a routine check-in with customer today, discussing their satisfaction with our products. They expressed some concerns about the delivery time on their last order, but were overall happy with the quality of the items. Will follow up with the delivery team to ensure promptness in the future. Customer seemed appreciative of the follow-up and left the conversation on a positive note.",Support Pipeline,New,Medium,Phone,hernandezjoshua@example.com,23/09/2024 00:00,richard91@example.org,strong.com,Crumb tray,Yes,"Ticket issue: Customer purchased a ticket for a concert on a specific date, but was unable to attend due to last-minute emergency. Requesting a refund or exchange for a future show date.",,
TICKET000050,"During a recent call with the customer, we discussed their interest in our new product line and they seemed very excited about the options available. However, there was a slight issue with their recent delivery where one item was missing from their order. The customer was understanding and we were able to quickly resolve the issue by sending out the missing item right away. Overall, the interaction was positive, but we need to ensure better attention to detail in our shipping process to prevent future errors.",Support Pipeline,Waiting on contact,Medium,Web form,wchan@example.com,05/10/2024 00:00,latkinson@example.org,garcia.com,Noise,No,"The ticket issue involves customers experiencing difficulties with redeeming their online tickets at the event venue. This has led to long wait times, frustration, and confusion among patrons trying to gain entry to the event. The issue may stem from technical glitches with the ticketing system or poor communication regarding how to properly redeem tickets at the venue. Resolving this issue promptly is essential to ensure a smooth and positive experience for customers attending the event.",,
TICKET000051,"During my recent check-in call with Mr. Smith, we had a positive discussion about our newest product offerings and he expressed interest in learning more about our upgraded features. However, he did mention a slight issue with the delivery of his last order, which we will be investigating further to ensure a smoother process in the future. Overall, Mr. Smith remains a loyal customer and we look forward to continuing to provide him with excellent service.",Support Pipeline,Waiting on Us,High,Email,jasonlynch@example.net,06/10/2024 00:00,zhill@example.com,adams.com,Noise,No,"The ticket issue is related to a problem with the barcode not scanning properly at the event entrance. This could be due to a smudged or damaged barcode, a technical issue with the scanning equipment, or an error in the ticket printing process. The ticket holder may be denied entry or experience delays as a result of this issue.",,
TICKET000052,"During my recent interaction with Mr. Smith, we discussed the benefits of our new line of skincare products. He seemed interested in trying them out and asked several questions about the ingredients and effectiveness. However, there was a minor issue with his previous delivery, as he mentioned that one of the items arrived slightly damaged. I assured him that we would look into the matter and ensure that his future orders are handled with care. Overall, the conversation was positive, but the delivery issue did leave a slight negative impression.",Support Pipeline,Open,Medium,Web form,danielrichardson@example.net,25/09/2024 00:00,kimberly64@example.net,adams.com,Noise,No,"This ticket issue involves customers experiencing difficulty in accessing their tickets for an upcoming event, either due to technical glitches on the ticketing platform or errors in the ticket delivery process. This issue is causing frustration among customers who are eager to attend the event but are unable to access their tickets in a timely manner. It is important for the ticketing platform to address this issue promptly to ensure a smooth and seamless ticketing experience for customers.",,
TICKET000053,"During our recent call with Mr. Smith, we discussed his preferences for the upcoming product launch and he expressed excitement about the new features. However, he did mention a minor delivery issue with his last order, which we promptly addressed and resolved. Overall, Mr. Smith seemed satisfied with our service and we will continue to monitor his feedback to ensure his ongoing satisfaction with our products and services.",Support Pipeline,Waiting on contact,Medium,Web form,leonard49@example.org,31/10/2024 00:00,ebell@example.com,garcia.com,Thermostat,No,This ticket issue involves a customer who purchased a ticket for a concert but is now unable to attend due to unforeseen circumstances. The customer is seeking a refund or alternative options for their ticket.,,
TICKET000054,"Today, I had a routine customer interaction with Mr. Smith regarding his recent purchase of our new product. He expressed excitement about the features and benefits of the product, mentioning how it will greatly benefit his business. However, he also mentioned a minor delivery issue where the product arrived a day later than expected. I assured him that I would look into the matter and make sure it doesn't happen again in the future. Overall, it was a positive interaction with a slight hiccup that we will address promptly.",Support Pipeline,New,High,Phone,gpowell@example.com,11/11/2024 00:00,oarias@example.net,adams.com,Thermostat,No,This ticket issue involves a customer who purchased a ticket for a concert or event but is now unable to attend due to unforeseen circumstances. The customer is seeking assistance in either obtaining a refund or transferring the ticket to another person.,,
TICKET000055,"During my recent check-in call with Mr. Smith, we discussed his satisfaction with our latest product offering. He expressed his excitement about the new features but mentioned a minor delivery issue he encountered with his last order. Despite this hiccup, Mr. Smith remains a loyal customer and appreciated the quick resolution provided by our customer service team. Overall, the conversation was positive, and Mr. Smith is looking forward to trying out more of our products in the future.",Support Pipeline,Closed,High,Web form,plambert@example.com,19/10/2024 00:00,orichards@example.net,oliver.com,Noise,Yes,"The ticket issue appears to be related to a problem with processing payment for a ticket purchase. The customer likely encountered an error when trying to complete the transaction, resulting in the ticket not being successfully purchased. Additional information from the customer or ticketing system may be needed to further investigate and resolve the issue.",,
TICKET000056,"During my recent interaction with Mr. Johnson, we discussed the features and benefits of our newest product line. He seemed interested and asked several thoughtful questions, showing a genuine curiosity in learning more about our offerings. However, there was a minor hiccup with his delivery, as the package arrived a day later than expected. While Mr. Johnson was understanding, he did express some frustration with the delay. Overall, the conversation was productive and informative, despite the slight delivery issue. I will follow up with Mr. Johnson to ensure his future orders are delivered promptly and smoothly.",Support Pipeline,Waiting on Us,Medium,Email,katherine38@example.net,20/10/2024 00:00,orichards@example.net,adams.com,Overheating,No,The ticket issue is related to a customer who is experiencing difficulties with redeeming a voucher or coupon code while purchasing tickets for an event or service. This is causing frustration and inconvenience for the customer as they are unable to complete their transaction successfully.,,
TICKET000057,"Spoke with customer today about their recent purchase of our new product line. They seemed excited about the features and benefits, but expressed a bit of confusion about one of the functions. Assured them that we are always here to help troubleshoot any issues that may arise.

Customer also mentioned a minor delivery issue with their previous order, as it arrived a day later than expected. Apologized for the inconvenience and assured them that we are working on improving our shipping process to prevent such delays in the future.

Overall, the customer check-in was positive, but there were a few minor hiccups that we need to address to ensure a seamless experience for all customers. Will follow up with them next week to ensure everything is resolved to their satisfaction.",Support Pipeline,Closed,High,Phone,adamsalan@example.org,24/10/2024 00:00,oarias@example.net,nichols-rivera.com,Wi‑Fi setup,Yes,The ticket issue involves a customer who purchased a ticket for a concert but realized they are unable to attend due to a scheduling conflict. The customer is looking to either resell the ticket or request a refund from the event organizer.,,
TICKET000058,"During a recent customer interaction, we discussed the customer's interest in our new product line and they seemed quite enthusiastic about trying them out. However, there was a slight hiccup with their recent delivery, which caused a minor inconvenience for them. Despite this issue, the customer was understanding and appreciative of our efforts to resolve it promptly. Overall, it was a positive interaction with a small bump along the way.",Support Pipeline,Closed,Medium,Email,xtaylor@example.net,19/10/2024 00:00,cpadilla@example.com,garcia.com,Wi‑Fi setup,Yes,"This ticket issue is requesting assistance with a problem or question related to purchasing or using a ticket for an event, transportation, or service. The ticket holder is seeking clarification, support, or resolution in order to successfully navigate their ticketing experience.",,
TICKET000059,"During a recent routine customer interaction, I had the opportunity to chat with Mr. Smith about our new product line. He seemed quite interested in learning more about the features and benefits of our latest offerings. However, when discussing the delivery of his most recent order, Mr. Smith mentioned a minor issue with the packaging. While this was a slightly negative aspect of our conversation, I assured him that we would address the issue promptly and ensure that future deliveries meet his expectations. Overall, it was a positive interaction that allowed us to strengthen our relationship with a valued customer.",Support Pipeline,Waiting on contact,High,Email,newmanlisa@example.org,08/11/2024 00:00,wagnerglenn@example.net,adams.com,Shipping delay,Yes,"This ticket issue involves a customer who purchased a ticket for a concert but has not received it via email or mail. The customer is unable to access their ticket, causing frustration and confusion about how to gain entry to the event. The customer is seeking assistance in resolving the issue and obtaining their ticket before the concert date.",,
TICKET000060,"Had a routine check-in with customer today about their recent purchase of a new product. Customer seemed happy with the product itself, but mentioned a minor delivery issue where it arrived a day later than expected. Offered to follow up with the carrier to ensure smoother deliveries in the future. Overall, customer seemed satisfied with their experience.",Support Pipeline,Closed,Medium,Phone,sheila31@example.org,07/11/2024 00:00,benjaminbridges@example.com,nichols-rivera.com,Wi‑Fi setup,No,This ticket issue involves customers purchasing tickets for an event online but not receiving their electronic tickets via email. This has caused confusion and frustration for customers who are unable to access their tickets in order to attend the event.,,
TICKET000061,"Subject: Customer Interaction Follow-Up

Hi team,

I wanted to touch base on a recent customer interaction I had with Mr. Smith. Overall, the conversation was positive as we discussed the benefits of our newest product line and how it could meet his needs. However, there was a slight hiccup with the delivery timeline that left Mr. Smith feeling a bit frustrated. I assured him that we would do everything in our power to expedite the process and he seemed satisfied with that response.

Moving forward, I think it would be helpful to ensure our customers are fully informed about any potential delays and have a clear understanding of our delivery process. This will help us maintain strong relationships and keep our customers satisfied.

Please let me know if you have any suggestions or",Support Pipeline,Waiting on contact,High,Phone,sophia69@example.net,21/10/2024 00:00,zhill@example.com,sanchez.com,Thermostat,No,The ticket issue involves customers purchasing tickets for an event online but experiencing difficulties accessing or printing their tickets. This could be due to technical issues with the ticketing platform or errors in the purchasing process. Customers may be seeking assistance in resolving the issue and obtaining their tickets in time for the event.,,
TICKET000063,"Had a routine check-in with Mr. Smith today regarding his recent purchase of our new product. He was very enthusiastic about the features and benefits, which was great to hear. However, he did mention a minor delivery issue where his order was delayed by a few days. I assured him that I would look into it and get back to him with an update. Overall, the conversation was positive, but the delivery issue did put a slight damper on his experience. Will follow up with him soon to ensure his satisfaction.",Support Pipeline,Closed,Low,Email,ashley13@example.com,10/12/2024 00:00,ryan73@example.net,nichols-rivera.com,Crumb tray,Yes,The ticket issue involves a customer who purchased a ticket for a concert but never received the confirmation email with their ticket information. The customer is now unable to attend the event without the ticket and is seeking assistance in resolving the issue and obtaining their ticket.,,
TICKET000064,"Had a routine call with customer today to check in on their recent purchase of our new product line. Customer expressed some excitement about trying out the new features and functionality, which was great to hear. However, they did mention a minor delivery issue with one of the items arriving slightly damaged. Assured them we would look into it and get a replacement sent out as soon as possible. Overall, customer seemed satisfied with their purchase and appreciative of our quick response to their issue. Will follow up with them next week to ensure everything has been resolved to their satisfaction.",Support Pipeline,Waiting on contact,Medium,Email,david39@example.net,12/12/2024 00:00,anthonygates@example.net,strong.com,Shipping delay,No,This ticket issue involves a customer who purchased a ticket for a concert but is now unable to attend due to a conflicting schedule. The customer is seeking a refund or exchange for their ticket.,,
TICKET000065,"Today, I had a routine customer interaction with Mr. Smith regarding his recent purchase of our new product. He seemed pleased with the features and benefits of the product, which was great to hear. However, he mentioned a minor delivery issue with the packaging being slightly damaged upon arrival. I assured him that we would look into the issue and make sure it doesn't happen again in the future. Overall, it was a positive interaction, but the delivery issue did slightly dampen the experience for Mr. Smith. I will follow up with him to ensure that he is satisfied with the resolution.",Support Pipeline,New,High,Web form,richardleach@example.com,30/11/2024 00:00,shirleyyoung@example.org,nichols-rivera.com,Crumb tray,Yes,"This ticket issue involves a customer who purchased a ticket for an event but has encountered a problem when trying to access the event. The customer may have experienced difficulties with their ticket not scanning, being denied entry, or some other issue preventing them from attending the event. The customer is seeking assistance in resolving the issue and gaining access to the event they paid for.",,
TICKET000066,"Today I had a routine customer interaction with Mrs. Smith regarding her recent purchase of our new skincare line. She expressed her excitement about trying out the products and mentioned that she was already seeing some positive results. However, she also mentioned a minor delivery issue where one of the products arrived damaged. I assured her that we would quickly resolve the issue and send her a replacement product. Overall, the conversation was positive, but Mrs. Smith's experience was slightly marred by the delivery issue. I will follow up with her to ensure that she is satisfied with the replacement product.",Support Pipeline,Open,High,Web form,chloehernandez@example.net,07/12/2024 00:00,uwhite@example.com,sanchez.com,Shipping delay,No,This ticket issue involves a customer who purchased a ticket for a specific event but is now unable to attend. They are seeking a refund or exchange for their ticket.,,
TICKET000067,"Had a routine check-in call with Mr. Smith today regarding his recent purchase of a new laptop. He seemed pleased with the product overall, but expressed slight frustration with the delivery delay. Assured him that we are looking into the issue and will provide an update soon. Discussed potential software upgrades for his new laptop to enhance its performance. Overall, the conversation was cordial and Mr. Smith appreciated the follow-up.",Support Pipeline,Waiting on Us,Low,Email,briandavenport@example.net,27/11/2024 00:00,larryholt@example.net,adams.com,Overheating,Yes,This ticket issue involves a customer who purchased a ticket for a concert but is now unable to attend due to unforeseen circumstances. The customer is seeking assistance in either obtaining a refund or exchanging the ticket for a different date or event.,,
TICKET000068,"Today, I had a routine customer interaction with Mr. Smith who called to inquire about the features of our new product. I provided him with detailed information and answered all his questions. However, he seemed a bit hesitant about making a purchase due to some concerns about the delivery timeline. I assured him that we would do our best to expedite the delivery process and thanked him for his interest in our products. Overall, the conversation was positive, but I sensed a slight hesitation from Mr. Smith which we may need to address in future interactions.",Support Pipeline,Open,High,Email,goodwinsteven@example.org,29/11/2024 00:00,orichards@example.net,garcia.com,Noise,Yes,This ticket issue involves a customer who purchased a ticket for a concert but is now unable to attend due to unforeseen circumstances. The customer is seeking assistance in either receiving a refund or exchanging the ticket for a different date or event.,,
TICKET000069,"During a recent customer interaction, we discussed the benefits of our new product line and how it could potentially meet their needs. The customer seemed interested and engaged in the conversation, asking insightful questions and showing genuine interest in the products.

However, there was a minor delivery issue that came up during the conversation. The customer mentioned that they had not received their last order on time, which caused some frustration on their end. We apologized for the inconvenience and reassured them that we would look into the issue and make sure it doesn't happen again in the future.

Overall, the interaction was positive, with the customer expressing satisfaction with our products and services. We made sure to follow up on the delivery issue promptly to ensure that the customer's experience with our company remains",Support Pipeline,Closed,Medium,Web form,amanda06@example.com,19/11/2024 00:00,ryan73@example.net,strong.com,Invoice,Yes,"This ticket issue appears to be related to a problem with the passenger's flight reservation, specifically an issue with the flight date and time listed on the ticket. The passenger may need to have their reservation adjusted or corrected by the airline in order to ensure they are able to board their desired flight.",,
TICKET000070,"Today, I had a routine customer interaction with Mr. Smith regarding his recent purchase of our new product. He seemed pleased with the features and functionality of the product, which was great to hear. However, he did mention a minor delivery issue where the product arrived a day later than expected. I assured him that I would look into the matter and ensure that it doesn't happen in the future. Overall, it was a positive interaction, but we need to improve our delivery process to avoid such issues in the future.",Support Pipeline,Waiting on contact,High,Phone,betty38@example.net,01/12/2024 00:00,arogers@example.net,oliver.com,Overheating,Yes,This ticket issue involves a customer who purchased a ticket for a concert but is now unable to attend due to unforeseen circumstances. The customer is seeking a refund or an alternative solution to resolve the issue.,,
TICKET000071,"Today, I had a routine customer interaction with Mr. Smith regarding his recent purchase of our new product. He seemed very excited about the features and benefits of the product during our discussion, which was a positive sign. However, he did mention a minor delivery issue with his order, which caused a slight inconvenience. Overall, it was a good check-in with Mr. Smith, and I assured him that we would address the delivery issue promptly to ensure his satisfaction.",Support Pipeline,Waiting on Us,Medium,Phone,vnunez@example.com,19/11/2024 00:00,whughes@example.com,garcia.com,Overheating,No,The ticket issue involves a customer who purchased a ticket for a concert but was unable to attend due to unforeseen circumstances. The customer is seeking a refund or an exchange for a future event.,,
TICKET000072,"During a recent check-in call with Mr. Smith, he expressed his satisfaction with our new product line and mentioned that he was considering placing another order soon. However, he did bring up a minor delivery issue he experienced with his last purchase, noting that the package arrived a day later than expected. We apologized for the inconvenience and assured him that we would address this issue with our shipping department to ensure timely deliveries in the future. Overall, Mr. Smith seemed pleased with our conversation and we look forward to his continued business.",Support Pipeline,Waiting on Us,High,Phone,dschroeder@example.net,29/11/2024 00:00,zlarson@example.net,adams.com,Noise,No,The ticket issue involves a customer who purchased a ticket for a concert but is unable to attend due to unforeseen circumstances. The customer is seeking a refund or exchange for the ticket to another event.,,
TICKET000073,"I recently had the opportunity to speak with one of our regular customers, Sarah, during a routine check-in call. We had a great conversation about her experience with our latest product line, with Sarah sharing how much she loved the new features and improvements.

However, Sarah did mention a minor delivery issue she encountered with her last order, noting that the package arrived a day later than expected. While she was understanding of the delay, she mentioned that timely delivery is important to her and suggested we look into ways to improve our shipping process.

Overall, the interaction with Sarah was positive, with her providing valuable feedback that we can use to enhance our customer experience. I assured her that we would address the delivery issue and thanked her for her continued support of our brand",Support Pipeline,Open,Low,Email,melaniedurham@example.net,16/01/2025 00:00,emilymorales@example.net,oliver.com,Overheating,Yes,"This ticket issue is a problem with the barcode on the ticket not scanning properly, causing delays and frustration for customers trying to enter the event or venue.",,
TICKET000074,"During our routine customer interaction, the customer expressed their satisfaction with our product offerings and mentioned they were interested in exploring additional options for their business. However, they also brought up a minor delivery issue they experienced in their last order, which caused a slight delay in receiving their products. We assured them that we would investigate the issue further to prevent it from happening again in the future. Overall, the check-in was positive, but the delivery issue serves as a reminder to continuously improve our processes to provide the best customer experience possible.",Support Pipeline,Waiting on Us,Medium,Email,garciajohn@example.net,28/12/2024 00:00,ebell@example.com,adams.com,Thermostat,Yes,The ticket issue involves a customer reporting that they purchased a ticket for a concert but have not received it via email or mail. The customer is seeking assistance in locating their ticket and ensuring they can attend the event as planned.,,
TICKET000075,"I had a routine customer interaction today with Mr. Smith regarding his recent purchase of our new product. He seemed quite pleased with the features and pricing we discussed, but there was a slight issue with the delivery time. Mr. Smith mentioned that the package arrived a day later than expected, causing a minor inconvenience. I assured him that I would look into the matter and ensure smoother delivery for his future orders. Despite this minor setback, Mr. Smith was understanding and appreciative of the follow-up. Overall, it was a positive interaction with room for improvement in our delivery process.",Support Pipeline,Waiting on Us,High,Email,hwells@example.org,11/01/2025 00:00,arogers@example.net,strong.com,Wi‑Fi setup,No,This ticket issue involves a customer who purchased a ticket for a concert but was unable to attend due to a scheduling conflict. The customer is now seeking a refund or exchange for their ticket.,,
TICKET000076,"Today I had a routine customer interaction with Mr. Smith regarding his recent purchase of our new product. He expressed excitement about the features and benefits of the product, but mentioned a minor delivery issue he experienced with the packaging being slightly damaged upon arrival. I assured him that we would address this issue promptly and apologized for any inconvenience it may have caused. Overall, he seemed satisfied with our conversation and I will follow up with him to ensure his feedback is taken into consideration for future improvements.",Support Pipeline,Waiting on Us,Low,Email,sabrinaross@example.net,19/12/2024 00:00,mariaweiss@example.net,nichols-rivera.com,Shipping delay,Yes,"This ticket issue involves a customer who purchased a ticket for an event, but is now unable to attend and is seeking a refund or transfer of the ticket to another date or individual. The customer may provide details such as the original purchase date, the event name, and any relevant circumstances preventing them from attending. The ticket issuer will need to review the request and determine if they are able to accommodate the customer's request based on their policies and availability.",,
TICKET000077,"During my recent interaction with Mr. Smith, he expressed satisfaction with the performance of our product but raised a concern about a minor delivery issue he experienced. He mentioned that the package arrived a day later than expected, causing some inconvenience. I assured him that I would look into the matter and ensure better coordination with our delivery team in the future. Overall, Mr. Smith seemed pleased with our product and appreciated the follow-up on his delivery concern.",Support Pipeline,Waiting on contact,Medium,Web form,curtisbrent@example.net,31/12/2024 00:00,kristawright@example.org,garcia.com,Thermostat,Yes,This ticket issue involves a customer who purchased a ticket for an event but did not receive a confirmation email or ticket. The customer is seeking assistance in obtaining the ticket or a refund for their purchase.,,
TICKET000078,"During my recent interaction with the customer, we had a productive discussion about our new product line. The customer seemed excited about the features and benefits offered by the products and expressed interest in making a purchase.

However, there was a minor issue with the delivery of their previous order, which led to a slight delay in receiving the product. The customer was understanding of the situation but expressed a bit of frustration with the inconvenience caused.

Overall, the check-in with the customer was positive, as they were pleased with the customer service provided and seemed satisfied with the resolution of the delivery issue. Moving forward, we will continue to monitor their satisfaction and address any concerns promptly.",Support Pipeline,Open,Medium,Email,adrienne04@example.org,13/01/2025 00:00,garymendoza@example.org,oliver.com,Packaging,No,The ticket issue involves customers experiencing difficulty accessing their purchased tickets for an event due to technical glitches with the online ticketing platform. This has caused frustration and confusion among customers as they are unable to retrieve their tickets in a timely manner. The ticketing company is working to resolve the issue and ensure that all customers are able to access their tickets before the event takes place.,,
TICKET000079,"During my recent interaction with Mr. Johnson, he expressed his satisfaction with our newest product line and shared how much he enjoys using them in his daily routine. However, he did mention a slight issue with his last delivery, noting that one item was missing from his order. I assured him that I would look into the matter and ensure that it is resolved promptly. Overall, Mr. Johnson seemed pleased with our service and I am confident that we can continue to meet his needs effectively.",Support Pipeline,Waiting on contact,High,Web form,tiffany59@example.org,02/01/2025 00:00,robin38@example.org,adams.com,Noise,Yes,This ticket issue involves a customer who purchased a ticket for an event but is unable to attend due to unforeseen circumstances. The customer is seeking a refund or exchange for their ticket.,,
TICKET000080,"Today, I had a routine check-in with a long-time customer who was interested in discussing our newest product offering. They seemed quite enthusiastic about the features and benefits, which was great to see. However, there was a minor hiccup with their recent delivery, as they mentioned that the package arrived a day later than expected. Despite this slight setback, the customer remained understanding and appreciative of our prompt resolution to the issue. Overall, the interaction was positive, but we will continue to monitor their satisfaction closely to ensure their continued loyalty.",Support Pipeline,New,High,Email,joseph12@example.net,27/12/2024 00:00,arogers@example.net,sanchez.com,Crumb tray,Yes,"This ticket issue is regarding a problem with accessing a digital ticket for an event or service. The user is unable to view or download their ticket, possibly due to technical difficulties or an error with the ticketing platform. This issue may prevent the user from attending the event or using the service for which the ticket was purchased.",,
TICKET000081,"I had a routine check-in call with the customer today to discuss their recent purchase of our new product. They seemed quite happy with the product overall and mentioned that it was working well for them. However, they did bring up a minor delivery issue they had encountered, noting that it arrived a day later than expected. I apologized for the inconvenience and assured them that I would look into the matter to prevent similar issues in the future. Overall, the customer interaction was positive, but I will need to follow up with them to ensure their satisfaction moving forward.",Support Pipeline,Waiting on contact,Medium,Web form,anna51@example.com,21/12/2024 00:00,allenbryan@example.org,strong.com,Packaging,Yes,This ticket issue pertains to a customer who has purchased a ticket for an event but is now unable to attend. They are seeking assistance in either obtaining a refund or transferring the ticket to someone else.,,
TICKET000082,"During our recent phone call, Mr. Smith expressed his satisfaction with our new line of products and mentioned his interest in purchasing additional items for his upcoming project. However, he did mention a minor delivery issue with his last order, as it arrived a day later than expected. I assured him that I would look into the matter and ensure smoother delivery for his future purchases. Overall, the conversation was positive, and Mr. Smith seemed pleased with our products and service.",Support Pipeline,Open,Medium,Phone,perezchristopher@example.net,25/12/2024 00:00,richard91@example.org,oliver.com,Noise,No,This ticket issue involves a customer who purchased a ticket for a concert but was unable to attend due to a scheduling conflict. The customer is now seeking a refund or exchange for their ticket.,,
TICKET000083,"During my recent interaction with Mr. Smith, he seemed genuinely interested in learning more about our new product line. He asked insightful questions and expressed enthusiasm about the features and benefits. However, there was a minor issue with the delivery of his previous order, which caused some frustration on his part. Despite this hiccup, Mr. Smith appreciated the follow-up call and expressed his overall satisfaction with our customer service. It's important to ensure that future deliveries are handled promptly to maintain his loyalty.",Support Pipeline,Closed,Medium,Email,allison79@example.net,28/12/2024 00:00,kristawright@example.org,sanchez.com,Packaging,No,This ticket issue involves a customer who purchased a ticket for an event but is now unable to attend. They are looking to either exchange the ticket for a different date or receive a refund for their purchase.,,
TICKET000084,"During our recent check-in call with Mr. Johnson, we had a productive conversation about his satisfaction with our products. He expressed his appreciation for the quality and reliability of our offerings, but also mentioned a minor delivery issue he experienced with his last order. We assured him that we would investigate the issue and strive to improve our delivery process in the future. Overall, Mr. Johnson seemed content with our service and expressed his intent to continue doing business with us.",Support Pipeline,Waiting on Us,Medium,Phone,ayersanthony@example.com,24/12/2024 00:00,tgibson@example.org,nichols-rivera.com,Crumb tray,Yes,"The ticket issue involves the customer purchasing a ticket for a specific event, but encountering difficulties with redeeming or accessing the ticket. This could include issues with the ticket not being delivered, lost tickets, technical issues preventing the ticket from being scanned, or confusion regarding the ticket terms and conditions. The customer is seeking assistance in resolving the issue in order to gain entry to the event.",,
TICKET000085,"I had a routine customer interaction with Mr. Smith today regarding his recent purchase of our premium subscription service. He seemed pleased with the product features we discussed and was interested in exploring additional options for customization. However, there was a minor delivery issue with his order that caused a slight delay in activation. Mr. Smith was understanding but expressed some frustration with the inconvenience. Overall, the conversation was productive and we were able to address his concerns promptly. I will follow up with him to ensure his satisfaction with the resolution.",Support Pipeline,Open,High,Email,zmichael@example.com,28/12/2024 00:00,garymendoza@example.org,adams.com,Wi‑Fi setup,Yes,"This ticket issue involves customers purchasing tickets for a live event, but experiencing difficulties with accessing their tickets or receiving them in a timely manner. This can lead to frustrations and concerns about whether they will be able to attend the event as planned. It may require communication with the ticket provider to resolve the issue and ensure a smooth experience for the customers.",,
TICKET000086,"Subject: Routine Customer Interaction

I had a routine customer interaction with Mr. Smith today regarding his recent purchase of our new product. He was very excited about the features and benefits of the product, and we had a detailed discussion about how it could help streamline his business operations.

However, Mr. Smith did mention a minor delivery issue he experienced with his order. He mentioned that the package arrived a day later than expected, which caused some inconvenience for him. We apologized for the delay and assured him that we would look into the matter to prevent similar issues in the future.

Overall, the conversation was positive, but the delivery issue did dampen Mr. Smith's experience slightly. We will continue to monitor his feedback and ensure that we provide the best possible",Support Pipeline,Closed,Medium,Email,hallsamantha@example.com,13/01/2025 00:00,umichael@example.net,garcia.com,Thermostat,Yes,"The ticket issue is a problem with purchasing or accessing tickets for an event, such as errors during the transaction process, difficulty in receiving the tickets, or confusion about the ticket details. This issue can cause frustration and inconvenience for customers who are trying to attend the event.",,
TICKET000087,"I had a routine customer interaction with Mr. Johnson today regarding his recent purchase of our new product. He seemed quite pleased with the features and benefits discussed during our conversation, but expressed some frustration over a minor delivery issue he experienced. We were able to work together to find a solution and he left the conversation feeling satisfied overall. I will follow up with him next week to ensure everything is running smoothly.",Support Pipeline,Waiting on contact,Medium,Email,maciasmary@example.net,15/01/2025 00:00,hkelly@example.net,garcia.com,Overheating,Yes,This ticket issue involves a customer who purchased a ticket for an event but is now unable to attend. They are looking to either resell the ticket or obtain a refund from the event organizers.,,
